{"192.168.0.48": {"states": ["idle", "idle", "training", "idle", "idle"], "state_distribution": [0.7869859933853149, 0.10650697350502014, 0.10650697350502014]}, "192.168.0.47": {"states": ["downloading", "downloading", "idle", "downloading", "downloading"], "state_distribution": [0.10650698095560074, 0.10650698095560074, 0.7869860529899597]}, "192.168.0.49": {"states": ["downloading", "downloading", "downloading", "downloading", "downloading"], "state_distribution": [0.10650698095560074, 0.10650698095560074, 0.7869860529899597]}, "192.168.0.46": {"states": ["training", "training", "training", "downloading", "training"], "state_distribution": [0.10650697350502014, 0.7869859933853149, 0.10650697350502014]}}