{"192.168.2.195": {"states": ["training", "training", "idle", "training", "idle"], "state_distribution": [0.10650697350502014, 0.7869859933853149, 0.10650697350502014]}, "192.168.2.208": {"states": ["training", "idle", "idle", "idle", "downloading"], "state_distribution": [0.7869859933853149, 0.10650697350502014, 0.10650697350502014]}, "192.168.2.184": {"states": ["downloading", "training", "training", "training", "training"], "state_distribution": [0.10650697350502014, 0.7869859933853149, 0.10650697350502014]}, "192.168.2.177": {"states": ["downloading", "training", "training", "idle", "training"], "state_distribution": [0.10650697350502014, 0.7869859933853149, 0.10650697350502014]}, "192.168.2.181": {"states": ["training", "training", "downloading", "training", "downloading"], "state_distribution": [0.10650698095560074, 0.10650698095560074, 0.7869860529899597]}, "192.168.2.204": {"states": ["idle", "idle", "idle", "downloading", "idle"], "state_distribution": [0.7869859933853149, 0.10650697350502014, 0.10650697350502014]}, "192.168.2.198": {"states": ["downloading", "training", "downloading", "training", "training"], "state_distribution": [0.10650697350502014, 0.7869859933853149, 0.10650697350502014]}, "192.168.2.180": {"states": ["downloading", "downloading", "downloading", "downloading", "downloading"], "state_distribution": [0.10650698095560074, 0.10650698095560074, 0.7869860529899597]}, "192.168.2.199": {"states": ["downloading", "downloading", "training", "downloading", "idle"], "state_distribution": [0.10650698095560074, 0.10650698095560074, 0.7869860529899597]}, "192.168.2.197": {"states": ["training", "training", "idle", "training", "training"], "state_distribution": [0.10650697350502014, 0.7869859933853149, 0.10650697350502014]}}